Matrícula;Período;Tipo de Cargo:;Tipo de margem:;Margem Inicial;Margem atual;Disponível;Excedido;Faixa Percentual Comprometida
7541;Maio de 2025;Estatutario;Margem Consignável;670,2;0,54;0,08;0;99,92
4921;Maio de 2025;Estatutario;Margem Consignável;2758,2;643,98;23,35;0;76,65
13329;Maio de 2025;Comissionado;Margem Consignável;514,2;514,2;100;0;0
8101;Maio de 2025;Estatutario;Margem Consignável;2168,01;2168,01;100;0;0
8041;Maio de 2025;Estatutario;Margem Consignável;1182,13;1182,13;100;0;0
228701;Maio de 2025;Comissionado;Margem Consignável;844,29;844,29;100;0;0
9501;Maio de 2025;Estatutario;Margem Consignável;791,84;791,84;100;0;0
222761;Maio de 2025;Estatutario;Margem Consignável;1295,24;1295,24;100;0;0
2001;Maio de 2025;Estatutario;Margem Consignável;571,15;48,61;8,51;0;91,49
24702;Maio de 2025;Comissionado;Margem Consignável;491,45;491,45;100;0;0
205751;Maio de 2025;Estatutario;Margem Consignável;1244,61;94,61;7,6;0;92,4
8911;Maio de 2025;Estatutario;Margem Consignável;2136,29;395,5;18,51;0;81,49
193481;Maio de 2025;Estatutario;Margem Consignável;1244,61;1244,61;100;0;0
213851;Maio de 2025;Estatutario;Margem Consignável;1295,24;1295,24;100;0;0
78542;Maio de 2025;Comissionado;Margem Consignável;876,85;876,85;100;0;0
218811;Maio de 2025;Comissionado;Margem Consignável;844,29;844,29;100;0;0
11791;Maio de 2025;Estatutario;Margem Consignável;2030,84;1434,16;70,62;0;29,38
8991;Maio de 2025;Estatutario;Margem Consignável;2162,29;2162,29;100;0;0
85243;Maio de 2025;Comissionado;Margem Consignável;844,29;844,29;100;0;0
197391;Maio de 2025;Estatutario;Margem Consignável;1282,12;1282,12;100;0;0
5071;Maio de 2025;Estatutario;Margem Consignável;2476,57;2190,24;88,44;0;11,56
18291;Maio de 2025;Comissionado;Margem Consignável;530,67;530,67;100;0;0
6341;Maio de 2025;Estatutario;Margem Consignável;1141,14;137,81;12,08;0;87,92
7441;Maio de 2025;Estatutario;Margem Consignável;898,3;-79,96;0;8,9;108,9
7141;Maio de 2025;Estatutario;Margem Consignável;913,67;164,33;17,99;0;82,01
8271;Maio de 2025;Estatutario;Margem Consignável;1141,14;0,43;0,04;0;99,96
229931;Maio de 2025;Comissionado;Margem Consignável;530,67;530,67;100;0;0
213001;Maio de 2025;Estatutario;Margem Consignável;1194,71;-4,06;0;0,34;100,34
11221;Maio de 2025;Estatutario;Margem Consignável;901,81;-69,24;0;7,68;107,68
139781;Maio de 2025;Comissionado;Margem Consignável;844,29;844,29;100;0;0
58438;Maio de 2025;Comissionado;Margem Consignável;554,19;554,19;100;0;0
201171;Maio de 2025;Estatutario;Margem Consignável;1305,2;1305,2;100;0;0
17381;Maio de 2025;Comissionado;Margem Consignável;844,29;844,29;100;0;0
210161;Maio de 2025;Estatutario;Margem Consignável;1282,12;1282,12;100;0;0
145754;Maio de 2025;Comissionado;Margem Consignável;491,45;491,45;100;0;0
9611;Maio de 2025;Estatutario;Margem Consignável;510,27;510,27;100;0;0
210321;Maio de 2025;Estatutario;Margem Consignável;1362,78;1362,78;100;0;0
181631;Maio de 2025;Estatutario;Margem Consignável;830,37;-96,58;0;11,63;111,63
104132;Maio de 2025;Comissionado;Margem Consignável;844,29;844,29;100;0;0
5991;Maio de 2025;Estatutario;Margem Consignável;533,12;533,12;100;0;0
210751;Maio de 2025;Estatutario;Margem Consignável;1295,24;283,98;21,92;0;78,08
180581;Maio de 2025;Estatutario;Margem Consignável;1244,61;1244,61;100;0;0
235661;Maio de 2025;Comissionado;Margem Consignável;491,45;491,45;100;0;0
200601;Maio de 2025;Estatutario;Margem Consignável;1244,61;46,89;3,77;0;96,23
74122;Maio de 2025;Comissionado;Margem Consignável;844,29;844,29;100;0;0
9011;Maio de 2025;Estatutario;Margem Consignável;2353,29;1951,37;82,92;0;17,08
181802;Maio de 2025;Comissionado;Margem Consignável;491,45;491,45;100;0;0
76505;Maio de 2025;CONTRATO;Margem Consignável;514,2;514,2;100;0;0
94662;Maio de 2025;Comissionado;Margem Consignável;976,22;976,22;100;0;0
7071;Maio de 2025;Estatutario;Margem Consignável;2052,6;263,31;12,83;0;87,17
16902;Maio de 2025;CONSELHEIRO TUTELAR;Margem Consignável;472,86;472,86;100;0;0
5581;Maio de 2025;Estatutario;Margem Consignável;2476,57;0,42;0,02;0;99,98
5021;Maio de 2025;Estatutario;Margem Consignável;2603,44;0,5;0,02;0;99,98
222681;Maio de 2025;Estatutario;Margem Consignável;1257,73;1257,73;100;0;0
17982;Maio de 2025;CONSELHEIRO TUTELAR;Margem Consignável;472,86;472,86;100;0;0
26662;Maio de 2025;Comissionado;Margem Consignável;1036,22;1036,22;100;0;0
2711;Maio de 2025;Estatutario;Margem Consignável;1856,47;0,08;0;0;100
31401;Maio de 2025;Comissionado;Margem Consignável;844,29;844,29;100;0;0
79604;Maio de 2025;Comissionado;Margem Consignável;491,45;491,45;100;0;0
2651;Maio de 2025;Estatutario;Margem Consignável;2260,67;1078,79;47,72;0;52,28
6421;Maio de 2025;Estatutario;Margem Consignável;1151,1;908,97;78,97;0;21,03
206561;Maio de 2025;Estatutario;Margem Consignável;1305,2;1305,2;100;0;0
6991;Maio de 2025;Estatutario;Margem Consignável;2242,18;940,92;41,96;0;58,04
48392;Maio de 2025;Comissionado;Margem Consignável;844,29;844,29;100;0;0
5871;Maio de 2025;Estatutario;Margem Consignável;2837,4;253,47;8,93;0;91,07
197121;Maio de 2025;Estatutario;Margem Consignável;1277,64;583,12;45,64;0;54,36
198281;Maio de 2025;Estatutario;Margem Consignável;1304,7;1304,7;100;0;0
213931;Maio de 2025;Estatutario;Margem Consignável;1282,12;1282,12;100;0;0
196401;Maio de 2025;Estatutario;Margem Consignável;1257,73;1257,73;100;0;0
596711;Maio de 2025;Comissionado;Margem Consignável;514,2;514,2;100;0;0
168021;Maio de 2025;Comissionado;Margem Consignável;1526,68;1526,68;100;0;0
205321;Maio de 2025;CONTRATO;Margem Consignável;491,45;491,45;100;0;0
235231;Maio de 2025;Comissionado;Margem Consignável;844,29;844,29;100;0;0
7621;Maio de 2025;Estatutario;Margem Consignável;2242,18;2242,18;100;0;0
9641;Maio de 2025;Estatutario;Margem Consignável;616,84;223,73;36,27;0;63,73
197631;Maio de 2025;Estatutario;Margem Consignável;1205,49;1205,49;100;0;0
9141;Maio de 2025;Estatutario;Margem Consignável;2111,74;2111,74;100;0;0
9142;Maio de 2025;Estatutario;Margem Consignável;1305,2;1305,2;100;0;0
13717;Maio de 2025;Comissionado;Margem Consignável;491,45;491,45;100;0;0
117202;Maio de 2025;Comissionado;Margem Consignável;553,42;553,42;100;0;0
91052;Maio de 2025;ELETIVO;Margem Consignável;5654,63;5654,63;100;0;0
233021;Maio de 2025;Estatutario;Margem Consignável;766,1;766,1;100;0;0
224891;Maio de 2025;Estatutario;Margem Consignável;1282,12;-4,94;0;0,39;100,39
11821;Maio de 2025;Estatutario;Margem Consignável;2085,59;1;0,05;0;99,95
98144;Maio de 2025;Comissionado;Margem Consignável;530,67;530,67;100;0;0
41622;Maio de 2025;Comissionado;Margem Consignável;474;474;100;0;0
9291;Maio de 2025;Estatutario;Margem Consignável;712,77;712,77;100;0;0
7001;Maio de 2025;Estatutario;Margem Consignável;2242,18;255,43;11,39;0;88,61
200361;Maio de 2025;Estatutario;Margem Consignável;1244,61;1244,61;100;0;0
8051;Maio de 2025;Estatutario;Margem Consignável;1141,14;270,03;23,66;0;76,34
210241;Maio de 2025;Estatutario;Margem Consignável;1334,63;737,33;55,25;0;44,75
146482;Maio de 2025;Comissionado;Margem Consignável;491,45;491,45;100;0;0
177441;Maio de 2025;Estatutario;Margem Consignável;1068,49;69,84;6,54;0;93,46
5342;Maio de 2025;Comissionado;Margem Consignável;530,67;530,67;100;0;0
223221;Maio de 2025;Estatutario;Margem Consignável;1305,2;86,73;6,64;0;93,36
200951;Maio de 2025;Estatutario;Margem Consignável;1282,12;1282,12;100;0;0
31314;Maio de 2025;ELETIVO;Margem Consignável;2863,38;2863,38;100;0;0
7581;Maio de 2025;Estatutario;Margem Consignável;2369,05;149,72;6,32;0;93,68
167991;Maio de 2025;Comissionado;Margem Consignável;1785,43;1785,43;100;0;0
200521;Maio de 2025;Estatutario;Margem Consignável;1334,63;84,63;6,34;0;93,66
2421;Maio de 2025;Estatutario;Margem Consignável;485,91;-334,58;0;68,86;168,86
114522;Maio de 2025;Comissionado;Margem Consignável;844,29;844,29;100;0;0
2581;Maio de 2025;Estatutario;Margem Consignável;639,68;250,07;39,09;0;60,91
181201;Maio de 2025;Estatutario;Margem Consignável;782;-3,15;0;0,4;100,4
183921;Maio de 2025;Estatutario;Margem Consignável;1257,73;1257,73;100;0;0
9355;Maio de 2025;Estatutario;Margem Consignável;1250,35;1250,35;100;0;0
172054;Maio de 2025;Comissionado;Margem Consignável;491,45;491,45;100;0;0
3901;Maio de 2025;Estatutario;Margem Consignável;571,15;571,15;100;0;0
189532;Maio de 2025;Comissionado;Margem Consignável;844,29;844,29;100;0;0
175583;Maio de 2025;Comissionado;Margem Consignável;491,45;491,45;100;0;0
182525;Maio de 2025;Comissionado;Margem Consignável;491,45;491,45;100;0;0
5851;Maio de 2025;Estatutario;Margem Consignável;2674,03;1615,61;60,42;0;39,58
183841;Maio de 2025;Comissionado;Margem Consignável;1036,22;1036,22;100;0;0
4651;Maio de 2025;Estatutario;Margem Consignável;921,15;921,15;100;0;0
41461;Maio de 2025;Estatutario;Margem Consignável;842,8;842,8;100;0;0
17592;Maio de 2025;Comissionado;Margem Consignável;530,67;530,67;100;0;0
214071;Maio de 2025;Estatutario;Margem Consignável;1267,69;0,7;0,06;0;99,94
4881;Maio de 2025;Estatutario;Margem Consignável;647,35;0,31;0,05;0;99,95
2571;Maio de 2025;Estatutario;Margem Consignável;861,94;-37,03;0;4,3;104,3
9781;Maio de 2025;Estatutario;Margem Consignável;2180,53;2180,53;100;0;0
234181;Maio de 2025;Comissionado;Margem Consignável;2064,07;2064,07;100;0;0
9362;Maio de 2025;Estatutario;Margem Consignável;1305,37;1305,37;100;0;0
171242;Maio de 2025;Comissionado;Margem Consignável;530,67;530,67;100;0;0
81253;Maio de 2025;Comissionado;Margem Consignável;844,29;844,29;100;0;0
1871;Maio de 2025;Estatutario;Margem Consignável;711,15;1,01;0,14;0;99,86
212101;Maio de 2025;Estatutario;Margem Consignável;1244,61;343,21;27,58;0;72,42
8921;Maio de 2025;Estatutario;Margem Consignável;1725,92;1,18;0,07;0;99,93
198011;Maio de 2025;Estatutario;Margem Consignável;1349,56;1349,56;100;0;0
129802;Maio de 2025;Comissionado;Margem Consignável;491,45;491,45;100;0;0
29252;Maio de 2025;Comissionado;Margem Consignável;601,39;601,39;100;0;0
184064;Maio de 2025;Comissionado;Margem Consignável;491,45;491,45;100;0;0
9703;Maio de 2025;Comissionado;Margem Consignável;1036,22;1036,22;100;0;0
195181;Maio de 2025;Estatutario;Margem Consignável;1075,57;225,46;20,96;0;79,04
5821;Maio de 2025;Estatutario;Margem Consignável;2730,32;2730,32;100;0;0
6561;Maio de 2025;Estatutario;Margem Consignável;1161,05;662,05;57,02;0;42,98
65482;Maio de 2025;Comissionado;Margem Consignável;491,45;491,45;100;0;0
4501;Maio de 2025;Estatutario;Margem Consignável;693,04;139,75;20,16;0;79,84
4661;Maio de 2025;Estatutario;Margem Consignável;804,01;804,01;100;0;0
223491;Maio de 2025;Comissionado;Margem Consignável;2064,07;2064,07;100;0;0
11211;Maio de 2025;Estatutario;Margem Consignável;919,19;85,2;9,27;0;90,73
11811;Maio de 2025;Estatutario;Margem Consignável;2067,34;152,66;7,38;0;92,62
9021;Maio de 2025;Estatutario;Margem Consignável;1804,94;429,28;23,78;0;76,22
9022;Maio de 2025;Estatutario;Margem Consignável;1295,24;12,23;0,94;0;99,06
4981;Maio de 2025;Estatutario;Margem Consignável;883,22;281,59;31,88;0;68,12
6621;Maio de 2025;Estatutario;Margem Consignável;1141,14;0;0;0;100
6041;Maio de 2025;Estatutario;Margem Consignável;624,5;0,2;0,03;0;99,97
88182;Maio de 2025;Comissionado;Margem Consignável;845,94;845,94;100;0;0
19463;Maio de 2025;Comissionado;Margem Consignável;459,4;459,4;100;0;0
4871;Maio de 2025;Estatutario;Margem Consignável;2730,32;2730,32;100;0;0
5961;Maio de 2025;Estatutario;Margem Consignável;1698,42;1202,95;70,83;0;29,17
16744;Maio de 2025;Comissionado;Margem Consignável;844,29;844,29;100;0;0
19455;Maio de 2025;Comissionado;Margem Consignável;491,45;491,45;100;0;0
27391;Maio de 2025;Comissionado;Margem Consignável;2082,32;2082,32;100;0;0
23053;Maio de 2025;Estatutario;Margem Consignável;675,16;40,8;6,04;0;93,96
18854;Maio de 2025;Comissionado;Margem Consignável;491,45;491,45;100;0;0
218731;Maio de 2025;Estatutario;Margem Consignável;592,58;592,58;100;0;0
30851;Maio de 2025;Comissionado;Margem Consignável;2064,07;2064,07;100;0;0
6951;Maio de 2025;Estatutario;Margem Consignável;2260,43;2260,43;100;0;0
43162;Maio de 2025;Comissionado;Margem Consignável;514,2;514,2;100;0;0
208002;Maio de 2025;Comissionado;Margem Consignável;491,45;491,45;100;0;0
7151;Maio de 2025;Estatutario;Margem Consignável;945,81;249,14;26,34;0;73,66
4291;Maio de 2025;Estatutario;Margem Consignável;0;-601,89;0;0;0
5091;Maio de 2025;Estatutario;Margem Consignável;2476,57;245,27;9,9;0;90,1
234501;Maio de 2025;Comissionado;Margem Consignável;1036,22;1036,22;100;0;0
5061;Maio de 2025;Estatutario;Margem Consignável;2647,38;1587,76;59,97;0;40,03
102272;Maio de 2025;Comissionado;Margem Consignável;553,42;553,42;100;0;0
178251;Maio de 2025;Estatutario;Margem Consignável;1295,24;1295,24;100;0;0
232131;Maio de 2025;Estagiario;Margem Consignável;175;175;100;0;0
228961;Maio de 2025;Comissionado;Margem Consignável;1498,79;1498,79;100;0;0
68663;Maio de 2025;Comissionado;Margem Consignável;1036,22;1036,22;100;0;0
213501;Maio de 2025;Estatutario;Margem Consignável;1257,73;565,14;44,93;0;55,07
60092;Maio de 2025;Comissionado;Margem Consignável;514,2;514,2;100;0;0
232991;Maio de 2025;Estatutario;Margem Consignável;766,1;-104,96;0;13,7;113,7
99462;Maio de 2025;Comissionado;Margem Consignável;844,29;844,29;100;0;0
81682;Maio de 2025;Comissionado;Margem Consignável;844,29;844,29;100;0;0
15821;Maio de 2025;Comissionado;Margem Consignável;769,29;769,29;100;0;0
230351;Maio de 2025;Comissionado;Margem Consignável;2064,07;2064,07;100;0;0
222411;Maio de 2025;Estatutario;Margem Consignável;1282,12;41,51;3,24;0;96,76
525810;Maio de 2025;Comissionado;Margem Consignável;381,45;381,45;100;0;0
146801;Maio de 2025;Comissionado;Margem Consignável;530,67;530,67;100;0;0
141310;Maio de 2025;Comissionado;Margem Consignável;530,67;530,67;100;0;0
173611;Maio de 2025;Comissionado;Margem Consignável;530,67;530,67;100;0;0
499510;Maio de 2025;Comissionado;Margem Consignável;491,45;491,45;100;0;0
2601;Maio de 2025;Estatutario;Margem Consignável;2278,67;39,03;1,71;0;98,29
132508;Maio de 2025;Comissionado;Margem Consignável;189,09;189,09;100;0;0
53479;Maio de 2025;Comissionado;Margem Consignável;844,29;844,29;100;0;0
223301;Maio de 2025;Estatutario;Margem Consignável;1372,73;1372,73;100;0;0
8171;Maio de 2025;Estatutario;Margem Consignável;601,66;601,66;100;0;0
147881;Maio de 2025;Comissionado;Margem Consignável;553,42;553,42;100;0;0
235581;Maio de 2025;Comissionado;Margem Consignável;514,2;514,2;100;0;0
203701;Maio de 2025;Estatutario;Margem Consignável;1257,73;1257,73;100;0;0
2111;Maio de 2025;Estatutario;Margem Consignável;2476,57;0,21;0,01;0;99,99
223571;Maio de 2025;Estatutario;Margem Consignável;548,3;548,3;100;0;0
199761;Maio de 2025;Estatutario;Margem Consignável;1319,63;1319,63;100;0;0
202571;Maio de 2025;Estatutario;Margem Consignável;1304,7;772,22;59,19;0;40,81
24103;Maio de 2025;Comissionado;Margem Consignável;2064,07;1776,51;86,07;0;13,93
181471;Maio de 2025;Estatutario;Margem Consignável;582,24;-252,5;0;43,37;143,37
65562;Maio de 2025;Comissionado;Margem Consignável;491,45;491,45;100;0;0
227991;Maio de 2025;Comissionado;Margem Consignável;514,2;514,2;100;0;0
6581;Maio de 2025;Estatutario;Margem Consignável;1218,55;1218,55;100;0;0
150402;Maio de 2025;Comissionado;Margem Consignável;1036,22;1036,22;100;0;0
2611;Maio de 2025;Estatutario;Margem Consignável;2037,72;137,35;6,74;0;93,26
4911;Maio de 2025;Estatutario;Margem Consignável;555,97;13,52;2,43;0;97,57
71373;Maio de 2025;Comissionado;Margem Consignável;2064,07;2064,07;100;0;0
8891;Maio de 2025;Estatutario;Margem Consignável;2416,04;847,01;35,06;0;64,94
233701;Maio de 2025;Comissionado;Margem Consignável;582,45;582,45;100;0;0
6871;Maio de 2025;Estatutario;Margem Consignável;548,3;548,3;100;0;0
7661;Maio de 2025;Estatutario;Margem Consignável;1663,12;169,9;10,22;0;89,78
7691;Maio de 2025;Estatutario;Margem Consignável;723,3;723,3;100;0;0
7601;Maio de 2025;Estatutario;Margem Consignável;2260,43;2260,43;100;0;0
6671;Maio de 2025;Estatutario;Margem Consignável;1151,1;1151,1;100;0;0
211561;Maio de 2025;CONTRATO;Margem Consignável;514,2;514,2;100;0;0
6491;Maio de 2025;Estatutario;Margem Consignável;1151,1;10,54;0,92;0;99,08
6251;Maio de 2025;Estatutario;Margem Consignável;1151,1;1,13;0,1;0;99,9
9581;Maio de 2025;Estatutario;Margem Consignável;548,2;-126,63;0;23,1;123,1
16885;Maio de 2025;Comissionado;Margem Consignável;844,29;844,29;100;0;0
104483;Maio de 2025;Comissionado;Margem Consignável;734,29;734,29;100;0;0
200791;Maio de 2025;Comissionado;Margem Consignável;1036,22;1036,22;100;0;0
213771;Maio de 2025;Estatutario;Margem Consignável;1282,12;1282,12;100;0;0
59328;Maio de 2025;Comissionado;Margem Consignável;626,5;626,5;100;0;0
3731;Maio de 2025;Estatutario;Margem Consignável;555,97;179,06;32,21;0;67,79
4511;Maio de 2025;Estatutario;Margem Consignável;693,04;0,18;0,03;0;99,97
7101;Maio de 2025;Estatutario;Margem Consignável;2197,83;-233,36;0;10,62;110,62
7781;Maio de 2025;Estatutario;Margem Consignável;522,81;522,81;100;0;0
9161;Maio de 2025;Estatutario;Margem Consignável;647,35;0,69;0,11;0;99,89
27123;Maio de 2025;CONTRATO;Margem Consignável;491,45;491,45;100;0;0
94743;Maio de 2025;Comissionado;Margem Consignável;553,42;553,42;100;0;0
98303;Maio de 2025;Comissionado;Margem Consignável;530,67;530,67;100;0;0
5561;Maio de 2025;Estatutario;Margem Consignável;2494,82;256,36;10,28;0;89,72
11501;Maio de 2025;Comissionado;Margem Consignável;626,5;626,5;100;0;0
38242;Maio de 2025;Estatutario;Margem Consignável;1083,61;1083,61;100;0;0
227801;Maio de 2025;Comissionado;Margem Consignável;530,67;530,67;100;0;0
8492;Maio de 2025;Comissionado;Margem Consignável;679,97;679,97;100;0;0
2471;Maio de 2025;Estatutario;Margem Consignável;662,53;372,42;56,21;0;43,79
191271;Maio de 2025;Estatutario;Margem Consignável;1373,92;1373,92;100;0;0
177361;Maio de 2025;Estatutario;Margem Consignável;1075,57;1075,57;100;0;0
150832;Maio de 2025;Comissionado;Margem Consignável;530,67;530,67;100;0;0
201681;Maio de 2025;Estatutario;Margem Consignável;1295,24;0,39;0,03;0;99,97
9411;Maio de 2025;Estatutario;Margem Consignável;601,66;601,66;100;0;0
187324;Maio de 2025;Comissionado;Margem Consignável;491,45;491,45;100;0;0
3721;Maio de 2025;Estatutario;Margem Consignável;555,97;555,97;100;0;0
17151;Maio de 2025;Comissionado;Margem Consignável;530,67;530,67;100;0;0
232561;Maio de 2025;Estatutario;Margem Consignável;766,1;766,1;100;0;0
12082;Maio de 2025;Comissionado;Margem Consignável;750,21;750,21;100;0;0
16292;Maio de 2025;Comissionado;Margem Consignável;844,29;844,29;100;0;0
210401;Maio de 2025;Estatutario;Margem Consignável;1295,24;1295,24;100;0;0
187084;Maio de 2025;Comissionado;Margem Consignável;491,45;491,45;100;0;0
32632;Maio de 2025;Comissionado;Margem Consignável;1016,32;1016,32;100;0;0
234341;Maio de 2025;Comissionado;Margem Consignável;1036,22;1036,22;100;0;0
2131;Maio de 2025;Estatutario;Margem Consignável;571,15;292,5;51,21;0;48,79
203621;Maio de 2025;Estatutario;Margem Consignável;1344,44;1344,44;100;0;0
7051;Maio de 2025;Estatutario;Margem Consignável;1547,88;812,76;52,51;0;47,49
20111;Maio de 2025;Comissionado;Margem Consignável;844,29;368,69;43,67;0;56,33
206991;Maio de 2025;Comissionado;Margem Consignável;491,45;491,45;100;0;0
224381;Maio de 2025;Estatutario;Margem Consignável;1305,2;54,72;4,19;0;95,81
116307;Maio de 2025;Comissionado;Margem Consignável;491,45;491,45;100;0;0
7081;Maio de 2025;Estatutario;Margem Consignável;2260,43;902,58;39,93;0;60,07
14344;Maio de 2025;Comissionado;Margem Consignável;1036,22;1036,22;100;0;0
213261;Maio de 2025;Estatutario;Margem Consignável;1282,12;1282,12;100;0;0
169931;Maio de 2025;Comissionado;Margem Consignável;491,45;491,45;100;0;0
212701;Maio de 2025;Comissionado;Margem Consignável;1036,22;1036,22;100;0;0
196821;Maio de 2025;Estatutario;Margem Consignável;1244,61;1244,61;100;0;0
150752;Maio de 2025;CONTRATO;Margem Consignável;514,2;514,2;100;0;0
109953;Maio de 2025;Comissionado;Margem Consignável;844,29;844,29;100;0;0
8192;Maio de 2025;Comissionado;Margem Consignável;1764,78;1764,78;100;0;0
177282;Maio de 2025;Comissionado;Margem Consignável;514,2;514,2;100;0;0
88507;Maio de 2025;Comissionado;Margem Consignável;491,45;491,45;100;0;0
8061;Maio de 2025;Estatutario;Margem Consignável;1182,13;0,52;0,04;0;99,96
7171;Maio de 2025;Estatutario;Margem Consignável;685,38;685,38;100;0;0
98574;Maio de 2025;Comissionado;Margem Consignável;491,45;491,45;100;0;0
228611;Maio de 2025;Comissionado;Margem Consignável;491,45;491,45;100;0;0
137510;Maio de 2025;Comissionado;Margem Consignável;514,2;514,2;100;0;0
6231;Maio de 2025;Estatutario;Margem Consignável;1141,14;0,38;0,03;0;99,97
2883;Maio de 2025;Comissionado;Margem Consignável;530,67;530,67;100;0;0
5971;Maio de 2025;Estatutario;Margem Consignável;1229,68;1229,68;100;0;0
6451;Maio de 2025;Estatutario;Margem Consignável;1151,1;1151,1;100;0;0
184491;Maio de 2025;Estatutario;Margem Consignável;1295,24;1295,24;100;0;0
2669;Maio de 2025;Comissionado;Margem Consignável;491,45;491,45;100;0;0
5041;Maio de 2025;Estatutario;Margem Consignável;2513,06;1094,85;43,57;0;56,43
5211;Maio de 2025;Estatutario;Margem Consignável;743,28;743,28;100;0;0
3801;Maio de 2025;Estatutario;Margem Consignável;555,97;178,65;32,13;0;67,87
6801;Maio de 2025;Estatutario;Margem Consignável;639,68;639,68;100;0;0
7882;Maio de 2025;Estatutario;Margem Consignável;525,45;1,17;0,22;0;99,78
5571;Maio de 2025;Estatutario;Margem Consignável;2079,78;2079,78;100;0;0
5572;Maio de 2025;Estatutario;Margem Consignável;1832,9;1832,9;100;0;0
5921;Maio de 2025;Estatutario;Margem Consignável;2393,38;2393,38;100;0;0
6601;Maio de 2025;Estatutario;Margem Consignável;1161,73;583,2;50,2;0;49,8
20031;Maio de 2025;Comissionado;Margem Consignável;1526,68;1526,68;100;0;0
6191;Maio de 2025;Estatutario;Margem Consignável;979,01;979,01;100;0;0
6381;Maio de 2025;Estatutario;Margem Consignável;1192,09;1192,09;100;0;0
7161;Maio de 2025;Estatutario;Margem Consignável;670,2;-400,8;0;59,8;159,8
20381;Maio de 2025;Comissionado;Margem Consignável;807,17;807,17;100;0;0
8071;Maio de 2025;Estatutario;Margem Consignável;1141,14;436,77;38,27;0;61,73
2521;Maio de 2025;Estatutario;Margem Consignável;662,53;662,53;100;0;0
6511;Maio de 2025;Estatutario;Margem Consignável;1151,1;71,22;6,19;0;93,81
6201;Maio de 2025;Estatutario;Margem Consignável;1233,68;1,54;0,12;0;99,88
181551;Maio de 2025;Estatutario;Margem Consignável;830,37;830,37;100;0;0
8551;Maio de 2025;Comissionado;Margem Consignável;844,29;844,29;100;0;0
17531;Maio de 2025;Comissionado;Margem Consignável;844,29;844,29;100;0;0
65802;Maio de 2025;Comissionado;Margem Consignável;2082,32;2082,32;100;0;0
4481;Maio de 2025;Estatutario;Margem Consignável;820,22;820,22;100;0;0
7431;Maio de 2025;Estatutario;Margem Consignável;708,12;38,74;5,47;0;94,53
3002;Maio de 2025;Comissionado;Margem Consignável;2064,07;2064,07;100;0;0
195931;Maio de 2025;Estatutario;Margem Consignável;1319,63;1319,63;100;0;0
2141;Maio de 2025;Estatutario;Margem Consignável;676,15;42,67;6,31;0;93,69
47312;Maio de 2025;Comissionado;Margem Consignável;844,29;844,29;100;0;0
8531;Maio de 2025;Estatutario;Margem Consignável;1410,38;-198,08;0;14,04;114,04
3631;Maio de 2025;Estatutario;Margem Consignável;921,15;0,85;0,09;0;99,91
176203;Maio de 2025;Comissionado;Margem Consignável;514,2;514,2;100;0;0
156522;Maio de 2025;Comissionado;Margem Consignável;530,67;530,67;100;0;0
7361;Maio de 2025;Estatutario;Margem Consignável;625,65;0,85;0,14;0;99,86
622011;Maio de 2025;Comissionado;Margem Consignável;536,95;536,95;100;0;0
121062;Maio de 2025;Comissionado;Margem Consignável;844,29;844,29;100;0;0
228371;Maio de 2025;Comissionado;Margem Consignável;576,17;576,17;100;0;0
7021;Maio de 2025;Estatutario;Margem Consignável;2242,18;170,19;7,59;0;92,41
9421;Maio de 2025;Estatutario;Margem Consignável;765,36;765,36;100;0;0
3911;Maio de 2025;Estatutario;Margem Consignável;555,97;1,83;0,33;0;99,67
2691;Maio de 2025;Estatutario;Margem Consignável;2136,03;200,56;9,39;0;90,61
1631;Maio de 2025;Estatutario;Margem Consignável;2411,88;2411,88;100;0;0
141178;Maio de 2025;Comissionado;Margem Consignável;514,2;514,2;100;0;0
143703;Maio de 2025;Comissionado;Margem Consignável;844,29;844,29;100;0;0
3012;Maio de 2025;Estatutario;Margem Consignável;700,45;92,3;13,18;0;86,82
11439;Maio de 2025;Comissionado;Margem Consignável;491,45;491,45;100;0;0
45613;Maio de 2025;Comissionado;Margem Consignável;530,67;530,67;100;0;0
9791;Maio de 2025;Estatutario;Margem Consignável;548,2;548,2;100;0;0
5401;Maio de 2025;Estatutario;Margem Consignável;2630,61;1234,47;46,93;0;53,07
229001;Maio de 2025;CONTRATO;Margem Consignável;491,45;491,45;100;0;0
229341;Maio de 2025;Estagiario;Margem Consignável;175;175;100;0;0
180661;Maio de 2025;Estatutario;Margem Consignável;1282,12;1282,12;100;0;0
93262;Maio de 2025;Comissionado;Margem Consignável;576,17;576,17;100;0;0
197201;Maio de 2025;Estatutario;Margem Consignável;1244,61;1244,61;100;0;0
176123;Maio de 2025;Estagiario;Margem Consignável;175;175;100;0;0
6551;Maio de 2025;Estatutario;Margem Consignável;1174,09;158,93;13,54;0;86,46
189371;Maio de 2025;Comissionado;Margem Consignável;2064,07;2064,07;100;0;0
231831;Maio de 2025;Estagiario;Margem Consignável;175;175;100;0;0
90595;Maio de 2025;Comissionado;Margem Consignável;2064,07;2064,07;100;0;0
211481;Maio de 2025;Estatutario;Margem Consignável;1282,12;1282,12;100;0;0
3021;Maio de 2025;Estatutario;Margem Consignável;2387,19;-610,46;0;25,57;125,57
3022;Maio de 2025;Estatutario;Margem Consignável;1785,94;1785,94;100;0;0
201251;Maio de 2025;Estatutario;Margem Consignável;1282,12;1282,12;100;0;0
6351;Maio de 2025;Estatutario;Margem Consignável;1564,32;929,29;59,41;0;40,59
190971;Maio de 2025;Estatutario;Margem Consignável;1282,12;1282,12;100;0;0
6271;Maio de 2025;Estatutario;Margem Consignável;1161,05;1,82;0,16;0;99,84
210671;Maio de 2025;Estatutario;Margem Consignável;1334,63;273,35;20,48;0;79,52
197801;Maio de 2025;Comissionado;Margem Consignável;1036,22;1036,22;100;0;0
5331;Maio de 2025;Estatutario;Margem Consignável;2596,38;1757,12;67,68;0;32,32
4821;Maio de 2025;Estatutario;Margem Consignável;571,15;571,15;100;0;0
196151;Maio de 2025;Estatutario;Margem Consignável;1305,2;1305,2;100;0;0
23642;Maio de 2025;Comissionado;Margem Consignável;491,45;491,45;100;0;0
7181;Maio de 2025;Estatutario;Margem Consignável;548,3;-103,45;0;18,87;118,87
5101;Maio de 2025;Estatutario;Margem Consignável;2434,57;0,26;0,01;0;99,99
194881;Maio de 2025;Estatutario;Margem Consignável;1282,12;181,52;14,16;0;85,84
196071;Maio de 2025;Estatutario;Margem Consignável;1305,2;-5,49;0;0,42;100,42
9151;Maio de 2025;Estatutario;Margem Consignável;2050,59;0,13;0,01;0;99,99
229502;Maio de 2025;Comissionado;Margem Consignável;844,29;844,29;100;0;0
139943;Maio de 2025;CONSELHEIRO TUTELAR;Margem Consignável;472,86;472,86;100;0;0
29172;Maio de 2025;Comissionado;Margem Consignável;545,11;545,11;100;0;0
6961;Maio de 2025;Estatutario;Margem Consignável;2337,6;1680,95;71,91;0;28,09
71611;Maio de 2025;Comissionado;Margem Consignável;844,29;844,29;100;0;0
229181;Maio de 2025;Comissionado;Margem Consignável;491,45;491,45;100;0;0
623810;Maio de 2025;Comissionado;Margem Consignável;750,21;750,21;100;0;0
9771;Maio de 2025;Estatutario;Margem Consignável;969,89;969,89;100;0;0
212291;Maio de 2025;Estatutario;Margem Consignável;1344,44;1344,44;100;0;0
5241;Maio de 2025;Estatutario;Margem Consignável;732,53;732,53;100;0;0
214741;Maio de 2025;Comissionado;Margem Consignável;530,67;530,67;100;0;0
4791;Maio de 2025;Estatutario;Margem Consignável;591,07;100,17;16,95;0;83,05
90409;Maio de 2025;Comissionado;Margem Consignável;530,67;530,67;100;0;0
7121;Maio de 2025;Estatutario;Margem Consignável;2244,67;1646,85;73,37;0;26,63
175741;Maio de 2025;Comissionado;Margem Consignável;1036,22;1036,22;100;0;0
7061;Maio de 2025;Estatutario;Margem Consignável;2278,67;1,62;0,07;0;99,93
113477;Maio de 2025;Comissionado;Margem Consignável;553,42;553,42;100;0;0
11232;Maio de 2025;Comissionado;Margem Consignável;530,67;530,67;100;0;0
137142;Maio de 2025;Comissionado;Margem Consignável;491,45;491,45;100;0;0
59833;Maio de 2025;Estatutario;Margem Consignável;766,1;766,1;100;0;0
178171;Maio de 2025;Estatutario;Margem Consignável;1304,7;235,57;18,06;0;81,94
232721;Maio de 2025;Estatutario;Margem Consignável;766,1;766,1;100;0;0
13961;Maio de 2025;Comissionado;Margem Consignável;844,29;844,29;100;0;0
48632;Maio de 2025;CONTRATO;Margem Consignável;536,95;536,95;100;0;0
138626;Maio de 2025;Comissionado;Margem Consignável;514,2;514,2;100;0;0
33602;Maio de 2025;Comissionado;Margem Consignável;530,67;530,67;100;0;0
157843;Maio de 2025;Estatutario;Margem Consignável;1068,49;1068,49;100;0;0
9261;Maio de 2025;Estatutario;Margem Consignável;616,84;216,49;35,1;0;64,9
234851;Maio de 2025;Comissionado;Margem Consignável;1036,22;1036,22;100;0;0
223811;Maio de 2025;Estatutario;Margem Consignável;1305,2;1305,2;100;0;0
9251;Maio de 2025;Estatutario;Margem Consignável;616,84;252,58;40,95;0;59,05
203971;Maio de 2025;Estatutario;Margem Consignável;1175,11;51,1;4,35;0;95,65
181391;Maio de 2025;Estatutario;Margem Consignável;895,12;-446,37;0;49,87;149,87
210831;Maio de 2025;Estatutario;Margem Consignável;1304,7;1304,7;100;0;0
192911;Maio de 2025;Estatutario;Margem Consignável;1267,69;134,67;10,62;0;89,38
6221;Maio de 2025;Estatutario;Margem Consignável;1151,1;1151,1;100;0;0
116901;Maio de 2025;Comissionado;Margem Consignável;844,29;844,29;100;0;0
203541;Maio de 2025;Estatutario;Margem Consignável;1295,24;924,01;71,34;0;28,66
21943;Maio de 2025;Comissionado;Margem Consignável;491,45;491,45;100;0;0
233451;Maio de 2025;Estagiario;Margem Consignável;175;175;100;0;0
159892;Maio de 2025;Comissionado;Margem Consignável;844,29;844,29;100;0;0
119835;Maio de 2025;Comissionado;Margem Consignável;530,67;530,67;100;0;0
2741;Maio de 2025;Estatutario;Margem Consignável;0;-484,63;0;0;0
47075;Maio de 2025;Comissionado;Margem Consignável;1036,22;1036,22;100;0;0
122033;Maio de 2025;CONSELHEIRO TUTELAR;Margem Consignável;472,86;472,86;100;0;0
64592;Maio de 2025;Comissionado;Margem Consignável;844,29;844,29;100;0;0
151563;Maio de 2025;Comissionado;Margem Consignável;491,45;491,45;100;0;0
7681;Maio de 2025;Estatutario;Margem Consignável;548,3;84,96;15,5;0;84,5
6241;Maio de 2025;Estatutario;Margem Consignável;1225,46;1225,46;100;0;0
2511;Maio de 2025;Estatutario;Margem Consignável;571,15;261,15;45,72;0;54,28
33103;Maio de 2025;Comissionado;Margem Consignável;844,29;844,29;100;0;0
1149510;Maio de 2025;Comissionado;Margem Consignável;491,45;491,45;100;0;0
133313;Maio de 2025;Comissionado;Margem Consignável;514,2;514,2;100;0;0
200871;Maio de 2025;Estatutario;Margem Consignável;1295,24;1295,24;100;0;0
113807;Maio de 2025;Comissionado;Margem Consignável;491,45;491,45;100;0;0
9271;Maio de 2025;Estatutario;Margem Consignável;548,2;548,2;100;0;0
9201;Maio de 2025;Estatutario;Margem Consignável;860,28;860,28;100;0;0
6461;Maio de 2025;Estatutario;Margem Consignável;1141,14;0,15;0,01;0;99,99
8881;Maio de 2025;Estatutario;Margem Consignável;2758,48;2758,48;100;0;0
9621;Maio de 2025;Estatutario;Margem Consignável;650,27;-32,63;0;5,02;105,02
6331;Maio de 2025;Estatutario;Margem Consignável;1151,1;691,43;60,07;0;39,93
227561;Maio de 2025;Comissionado;Margem Consignável;1036,22;1036,22;100;0;0
6001;Maio de 2025;Estatutario;Margem Consignável;1376,29;1376,29;100;0;0
2501;Maio de 2025;Estatutario;Margem Consignável;571,15;117,17;20,51;0;79,49
229421;Maio de 2025;Comissionado;Margem Consignável;1036,22;1036,22;100;0;0
159702;Maio de 2025;Estatutario;Margem Consignável;766,1;766,1;100;0;0
3751;Maio de 2025;Estatutario;Margem Consignável;571,15;571,15;100;0;0
222091;Maio de 2025;Estatutario;Margem Consignável;1282,12;1282,12;100;0;0
3271;Maio de 2025;Estatutario;Margem Consignável;555,97;87,86;15,8;0;84,2
169851;Maio de 2025;Comissionado;Margem Consignável;491,45;491,45;100;0;0
2151;Maio de 2025;Estatutario;Margem Consignável;744,26;283,94;38,15;0;61,85
2321;Maio de 2025;Estatutario;Margem Consignável;636,53;47,49;7,46;0;92,54
178501;Maio de 2025;Comissionado;Margem Consignável;530,67;530,67;100;0;0
11241;Maio de 2025;Estatutario;Margem Consignável;905,29;25,2;2,78;0;97,22
211051;Maio de 2025;Estatutario;Margem Consignável;1282,12;1282,12;100;0;0
111506;Maio de 2025;Comissionado;Margem Consignável;491,45;491,45;100;0;0
4901;Maio de 2025;Estatutario;Margem Consignável;555,97;555,97;100;0;0
6541;Maio de 2025;Estatutario;Margem Consignável;1151,77;1151,77;100;0;0
14041;Maio de 2025;Comissionado;Margem Consignável;857,36;857,36;100;0;0
74631;Maio de 2025;Requisitado;Margem Consignável;777,39;777,39;100;0;0
14162;Maio de 2025;Comissionado;Margem Consignável;491,45;491,45;100;0;0
180152;Maio de 2025;Comissionado;Margem Consignável;530,67;530,67;100;0;0
8961;Maio de 2025;Estatutario;Margem Consignável;2162,29;2162,29;100;0;0
8833;Maio de 2025;Comissionado;Margem Consignável;436,59;436,59;100;0;0
8281;Maio de 2025;Estatutario;Margem Consignável;1151,1;705,57;61,3;0;38,7
11301;Maio de 2025;Comissionado;Margem Consignável;491,45;491,45;100;0;0
3641;Maio de 2025;Estatutario;Margem Consignável;555,97;41;7,37;0;92,63
6401;Maio de 2025;Estatutario;Margem Consignável;1161,05;70,36;6,06;0;93,94
41381;Maio de 2025;Comissionado;Margem Consignável;799,94;799,94;100;0;0
5901;Maio de 2025;Estatutario;Margem Consignável;2464,62;-210,22;0;8,53;108,53
235821;Maio de 2025;Comissionado;Margem Consignável;317,06;317,06;100;0;0
5541;Maio de 2025;Estatutario;Margem Consignável;2170,85;341,97;15,75;0;84,25
11831;Maio de 2025;Estatutario;Margem Consignável;1896,8;266,45;14,05;0;85,95
2461;Maio de 2025;Estatutario;Margem Consignável;571,15;1,75;0,31;0;99,69
4601;Maio de 2025;Estatutario;Margem Consignável;618,53;83,51;13,5;0;86,5
1216510;Maio de 2025;Comissionado;Margem Consignável;491,45;491,45;100;0;0
7911;Maio de 2025;Estatutario;Margem Consignável;1908,68;1908,68;100;0;0
7571;Maio de 2025;Estatutario;Margem Consignável;720,43;102,75;14,26;0;85,74
4431;Maio de 2025;Estatutario;Margem Consignável;571,15;89,63;15,69;0;84,31
8081;Maio de 2025;Estatutario;Margem Consignável;0;-503,58;0;0;0
6971;Maio de 2025;Estatutario;Margem Consignável;2307,44;2307,44;100;0;0
4721;Maio de 2025;Estatutario;Margem Consignável;858,91;-11,69;0;1,36;101,36
144862;Maio de 2025;Comissionado;Margem Consignável;1526,68;1526,68;100;0;0
192672;Maio de 2025;Comissionado;Margem Consignável;491,45;491,45;100;0;0
9071;Maio de 2025;Estatutario;Margem Consignável;2267,25;2267,25;100;0;0
3791;Maio de 2025;Estatutario;Margem Consignável;555,97;280,81;50,51;0;49,49
6211;Maio de 2025;Estatutario;Margem Consignável;1151,1;1151,1;100;0;0
125722;Maio de 2025;Comissionado;Margem Consignável;1036,22;1036,22;100;0;0
6391;Maio de 2025;Estatutario;Margem Consignável;1179,38;1179,38;100;0;0
3231;Maio de 2025;Estatutario;Margem Consignável;2278,67;1615,95;70,92;0;29,08
2751;Maio de 2025;Estatutario;Margem Consignável;670,2;220,6;32,92;0;67,08
7721;Maio de 2025;Estatutario;Margem Consignável;533,12;533,12;100;0;0
133073;Maio de 2025;Comissionado;Margem Consignável;844,29;844,29;100;0;0
4891;Maio de 2025;Estatutario;Margem Consignável;2476,57;968,07;39,09;0;60,91
6811;Maio de 2025;Estatutario;Margem Consignável;2512,95;681,21;27,11;0;72,89
196231;Maio de 2025;Estatutario;Margem Consignável;1295,24;1295,24;100;0;0
9181;Maio de 2025;Estatutario;Margem Consignável;902,05;175,59;19,47;0;80,53
7521;Maio de 2025;Estatutario;Margem Consignável;2260,43;-534,52;0;23,65;123,65
5601;Maio de 2025;Estatutario;Margem Consignável;2730,32;2,12;0,08;0;99,92
7671;Maio de 2025;Estatutario;Margem Consignável;2242,18;861,38;38,42;0;61,58
9211;Maio de 2025;Estatutario;Margem Consignável;960,92;253,76;26,41;0;73,59
4471;Maio de 2025;Estatutario;Margem Consignável;693,04;693,04;100;0;0
5861;Maio de 2025;Estatutario;Margem Consignável;2100,45;2100,45;100;0;0
190891;Maio de 2025;Estatutario;Margem Consignável;1295,24;1295,24;100;0;0
6891;Maio de 2025;Estatutario;Margem Consignável;2260,43;2260,43;100;0;0
69982;Maio de 2025;Comissionado;Margem Consignável;530,67;530,67;100;0;0
102356;Maio de 2025;Comissionado;Margem Consignável;530,67;530,67;100;0;0
48041;Maio de 2025;Comissionado;Margem Consignável;767,18;767,18;100;0;0
836210;Maio de 2025;Comissionado;Margem Consignável;491,45;491,45;100;0;0
47402;Maio de 2025;Comissionado;Margem Consignável;553,42;553,42;100;0;0
8031;Maio de 2025;Estatutario;Margem Consignável;1151,1;318,84;27,7;0;72,3
80952;Maio de 2025;Comissionado;Margem Consignável;844,29;844,29;100;0;0
225001;Maio de 2025;Comissionado;Margem Consignável;491,45;491,45;100;0;0
235741;Maio de 2025;Comissionado;Margem Consignável;412,19;412,19;100;0;0
213341;Maio de 2025;Estatutario;Margem Consignável;1282,12;1282,12;100;0;0
96951;Maio de 2025;Requisitado;Margem Consignável;1040,99;1040,99;100;0;0
204511;Maio de 2025;Estatutario;Margem Consignável;548,3;548,3;100;0;0
11851;Maio de 2025;Estatutario;Margem Consignável;1564,08;174,14;11,13;0;88,87
225783;Maio de 2025;Comissionado;Margem Consignável;491,45;491,45;100;0;0
193051;Maio de 2025;Estatutario;Margem Consignável;0;0;0;0;0
188991;Maio de 2025;Estatutario;Margem Consignável;1305,2;1305,2;100;0;0
141764;Maio de 2025;Comissionado;Margem Consignável;553,42;553,42;100;0;0
159623;Maio de 2025;Comissionado;Margem Consignável;554,19;554,19;100;0;0
196661;Maio de 2025;Estatutario;Margem Consignável;1244,61;1244,61;100;0;0
9121;Maio de 2025;Estatutario;Margem Consignável;2403,93;2403,93;100;0;0
125302;Maio de 2025;Comissionado;Margem Consignável;514,2;514,2;100;0;0
210911;Maio de 2025;Estatutario;Margem Consignável;1244,61;1244,61;100;0;0
233531;Maio de 2025;Estagiario;Margem Consignável;175;175;100;0;0
222331;Maio de 2025;Estatutario;Margem Consignável;1282,12;1046,27;81,6;0;18,4
233371;Maio de 2025;Estagiario;Margem Consignável;175;175;100;0;0
30181;Maio de 2025;Comissionado;Margem Consignável;782,22;782,22;100;0;0
229771;Maio de 2025;Comissionado;Margem Consignável;491,45;491,45;100;0;0
50291;Maio de 2025;Comissionado;Margem Consignável;844,29;844,29;100;0;0
11801;Maio de 2025;Estatutario;Margem Consignável;2067,34;4,98;0,24;0;99,76
234771;Maio de 2025;Comissionado;Margem Consignável;844,29;844,29;100;0;0
212452;Maio de 2025;CONTRATO;Margem Consignável;536,95;536,95;100;0;0
169691;Maio de 2025;CONTRATO;Margem Consignável;491,45;491,45;100;0;0
9111;Maio de 2025;Estatutario;Margem Consignável;2254,55;1305,47;57,9;0;42,1
234001;Maio de 2025;Comissionado;Margem Consignável;1036,22;1036,22;100;0;0
123517;Maio de 2025;Comissionado;Margem Consignável;491,45;491,45;100;0;0
37004;Maio de 2025;Comissionado;Margem Consignável;422,63;422,63;100;0;0
2761;Maio de 2025;Estatutario;Margem Consignável;639,68;639,68;100;0;0
5551;Maio de 2025;Estatutario;Margem Consignável;2819,16;2465,94;87,47;0;12,53
234421;Maio de 2025;Comissionado;Margem Consignável;2064,07;2064,07;100;0;0
4681;Maio de 2025;Estatutario;Margem Consignável;767,53;415,86;54,18;0;45,82
172481;Maio de 2025;Comissionado;Margem Consignável;553,42;553,42;100;0;0
12701;Maio de 2025;Comissionado;Margem Consignável;491,45;491,45;100;0;0
1541;Maio de 2025;Estatutario;Margem Consignável;2730,32;248,26;9,09;0;90,91
7281;Maio de 2025;Estatutario;Margem Consignável;639,68;0,1;0,02;0;99,98
198361;Maio de 2025;Estatutario;Margem Consignável;1295,24;1295,24;100;0;0
41702;Maio de 2025;Comissionado;Margem Consignável;986,9;986,9;100;0;0
230861;Maio de 2025;Comissionado;Margem Consignável;1036,22;1036,22;100;0;0
13096;Maio de 2025;Comissionado;Margem Consignável;536,95;536,95;100;0;0
155122;Maio de 2025;Comissionado;Margem Consignável;491,45;491,45;100;0;0
201761;Maio de 2025;Estatutario;Margem Consignável;1282,12;1282,12;100;0;0
7221;Maio de 2025;Estatutario;Margem Consignável;2388,74;1531,07;64,1;0;35,9
180821;Maio de 2025;Estatutario;Margem Consignável;1334,63;1334,63;100;0;0
137221;Maio de 2025;Comissionado;Margem Consignável;844,29;844,29;100;0;0
6571;Maio de 2025;Estatutario;Margem Consignável;1182,13;1182,13;100;0;0
537110;Maio de 2025;Comissionado;Margem Consignável;491,45;491,45;100;0;0
211211;Maio de 2025;Estatutario;Margem Consignável;1305,2;236,23;18,1;0;81,9
79437;Maio de 2025;Comissionado;Margem Consignável;514,2;514,2;100;0;0
223651;Maio de 2025;Estatutario;Margem Consignável;1305,2;45,2;3,46;0;96,54
221601;Maio de 2025;Estatutario;Margem Consignável;456,92;456,92;100;0;0
42782;Maio de 2025;Comissionado;Margem Consignável;844,29;844,29;100;0;0
113206;Maio de 2025;Comissionado;Margem Consignável;554,19;554,19;100;0;0
195773;Maio de 2025;Comissionado;Margem Consignável;514,2;514,2;100;0;0
15151;Maio de 2025;Estatutario;Margem Consignável;0;-364,34;0;0;0
86641;Maio de 2025;Comissionado;Margem Consignável;1036,22;1036,22;100;0;0
214151;Maio de 2025;Estatutario;Margem Consignável;1230,44;1230,44;100;0;0
5261;Maio de 2025;Estatutario;Margem Consignável;2494,82;1473,5;59,06;0;40,94
8092;Maio de 2025;Comissionado;Margem Consignável;986,9;986,9;100;0;0
211641;Maio de 2025;Comissionado;Margem Consignável;553,42;553,42;100;0;0
6791;Maio de 2025;Estatutario;Margem Consignável;525,45;37,32;7,1;0;92,9
9171;Maio de 2025;Estatutario;Margem Consignável;700,54;149,56;21,35;0;78,65
14853;Maio de 2025;Estatutario;Margem Consignável;1244,61;40,97;3,29;0;96,71
192751;Maio de 2025;Estagiario;Margem Consignável;175;175;100;0;0
201841;Maio de 2025;Estatutario;Margem Consignável;1282,12;1282,12;100;0;0
202491;Maio de 2025;Estatutario;Margem Consignável;1244,61;40,13;3,22;0;96,78
9541;Maio de 2025;Estatutario;Margem Consignável;875,46;325,15;37,14;0;62,86
94232;Maio de 2025;Comissionado;Margem Consignável;784,59;784,59;100;0;0
4941;Maio de 2025;Estatutario;Margem Consignável;858,12;-26,11;0;3,04;103,04
84272;Maio de 2025;Comissionado;Margem Consignável;530,67;530,67;100;0;0
48204;Maio de 2025;Comissionado;Margem Consignável;530,67;530,67;100;0;0
234261;Maio de 2025;Comissionado;Margem Consignável;2064,07;2064,07;100;0;0
8431;Maio de 2025;Estatutario;Margem Consignável;849,99;-1068,96;0;125,76;225,76
234931;Maio de 2025;Comissionado;Margem Consignável;2064,07;2064,07;100;0;0
8951;Maio de 2025;Estatutario;Margem Consignável;2401,13;2401,13;100;0;0
7931;Maio de 2025;Estatutario;Margem Consignável;2186,25;1095,52;50,11;0;49,89
48472;Maio de 2025;Comissionado;Margem Consignável;530,67;530,67;100;0;0
207021;Maio de 2025;Comissionado;Margem Consignável;491,45;491,45;100;0;0
4531;Maio de 2025;Estatutario;Margem Consignável;693,04;116,68;16,84;0;83,16
231081;Maio de 2025;Comissionado;Margem Consignável;844,29;844,29;100;0;0
177871;Maio de 2025;Estatutario;Margem Consignável;1319,63;1319,63;100;0;0
5031;Maio de 2025;Estatutario;Margem Consignável;1959,18;1,88;0,1;0;99,9
9401;Maio de 2025;Estatutario;Margem Consignável;553,39;407,09;73,56;0;26,44
18238;Maio de 2025;Comissionado;Margem Consignável;491,45;491,45;100;0;0
221793;Maio de 2025;Estagiario;Margem Consignável;175;175;100;0;0
222251;Maio de 2025;Estatutario;Margem Consignável;1362,78;1362,78;100;0;0
106778;Maio de 2025;Estatutario;Margem Consignável;1282,12;262,14;20,45;0;79,55
182101;Maio de 2025;Estatutario;Margem Consignável;1230,44;43,24;3,51;0;96,49
5191;Maio de 2025;Estatutario;Margem Consignável;921,15;921,15;100;0;0
5161;Maio de 2025;Estatutario;Margem Consignável;1346,16;31,55;2,34;0;97,66
196901;Maio de 2025;Estatutario;Margem Consignável;1319,63;39,65;3;0;97
193801;Maio de 2025;Estatutario;Margem Consignável;548,3;548,3;100;0;0
2161;Maio de 2025;Estatutario;Margem Consignável;0;-506,51;0;0;0
1941;Maio de 2025;Estatutario;Margem Consignável;2513,06;247,42;9,85;0;90,15
3821;Maio de 2025;Estatutario;Margem Consignável;555,97;555,97;100;0;0
4341;Maio de 2025;Estatutario;Margem Consignável;548,3;13,44;2,45;0;97,55
2551;Maio de 2025;Estatutario;Margem Consignável;533,12;533,12;100;0;0
4201;Maio de 2025;Estatutario;Margem Consignável;555,97;555,97;100;0;0
7791;Maio de 2025;Estatutario;Margem Consignável;533,12;152,5;28,61;0;71,39
7701;Maio de 2025;Estatutario;Margem Consignável;2307,44;2307,44;100;0;0
2631;Maio de 2025;Estatutario;Margem Consignável;833,98;129,24;15,5;0;84,5
225191;Maio de 2025;Comissionado;Margem Consignável;491,45;491,45;100;0;0
4251;Maio de 2025;Estatutario;Margem Consignável;555,97;1,63;0,29;0;99,71
5531;Maio de 2025;Estatutario;Margem Consignável;2393,38;2393,38;100;0;0
1951;Maio de 2025;Estatutario;Margem Consignável;2393,38;818,62;34,2;0;65,8
6661;Maio de 2025;Estatutario;Margem Consignável;1151,1;1151,1;100;0;0
6631;Maio de 2025;Estatutario;Margem Consignável;1141,14;1141,14;100;0;0
3061;Maio de 2025;Comissionado;Margem Consignável;536,95;536,95;100;0;0
197041;Maio de 2025;Estatutario;Margem Consignável;1244,61;1244,61;100;0;0
2311;Maio de 2025;Estatutario;Margem Consignável;555,97;73,59;13,24;0;86,76
17993;Maio de 2025;Comissionado;Margem Consignável;1251,49;1251,49;100;0;0
223901;Maio de 2025;Estatutario;Margem Consignável;502,42;37,19;7,4;0;92,6
7801;Maio de 2025;Estatutario;Margem Consignável;548,3;0,01;0;0;100
6833;Maio de 2025;Comissionado;Margem Consignável;844,29;844,29;100;0;0
5081;Maio de 2025;Estatutario;Margem Consignável;2289,63;2,26;0,1;0;99,9
205831;Maio de 2025;Estatutario;Margem Consignável;1214,07;127,01;10,46;0;89,54
70561;Maio de 2025;Comissionado;Margem Consignável;491,45;491,45;100;0;0
4261;Maio de 2025;Estatutario;Margem Consignável;746,15;312,26;41,85;0;58,15
6861;Maio de 2025;Estatutario;Margem Consignável;585,12;405,12;69,24;0;30,76
6591;Maio de 2025;Estatutario;Margem Consignável;1356,08;1356,08;100;0;0
3851;Maio de 2025;Estatutario;Margem Consignável;555,97;555,97;100;0;0
16789;Maio de 2025;Comissionado;Margem Consignável;514,2;514,2;100;0;0
228021;Maio de 2025;CONSELHEIRO TUTELAR;Margem Consignável;472,86;472,86;100;0;0
4861;Maio de 2025;Estatutario;Margem Consignável;692,05;692,05;100;0;0
5051;Maio de 2025;Estatutario;Margem Consignável;2476,57;2476,57;100;0;0
198951;Maio de 2025;Estatutario;Margem Consignável;1304,7;86,5;6,63;0;93,37
7031;Maio de 2025;Estatutario;Margem Consignável;1808,23;717;39,65;0;60,35
3781;Maio de 2025;Estatutario;Margem Consignável;555,97;40,03;7,2;0;92,8
3531;Maio de 2025;Estatutario;Margem Consignável;571,15;1,07;0,19;0;99,81
2341;Maio de 2025;Estatutario;Margem Consignável;662,53;1,25;0,19;0;99,81
4841;Maio de 2025;Estatutario;Margem Consignável;851,15;0,48;0,06;0;99,94
113041;Maio de 2025;Comissionado;Margem Consignável;1192,83;1192,83;100;0;0
8112;Maio de 2025;Comissionado;Margem Consignável;646,2;646,2;100;0;0
168531;Maio de 2025;Comissionado;Margem Consignável;844,29;844,29;100;0;0
145321;Maio de 2025;Comissionado;Margem Consignável;491,45;491,45;100;0;0
29683;Maio de 2025;Comissionado;Margem Consignável;844,29;844,29;100;0;0
4321;Maio de 2025;Estatutario;Margem Consignável;555,97;72,93;13,12;0;86,88
211131;Maio de 2025;Estatutario;Margem Consignável;1295,24;1295,24;100;0;0
235071;Maio de 2025;Comissionado;Margem Consignável;844,29;844,29;100;0;0
6161;Maio de 2025;Estatutario;Margem Consignável;1141,14;0,83;0,07;0;99,93
2721;Maio de 2025;Estatutario;Margem Consignável;2154,6;477,59;22,17;0;77,83
235311;Maio de 2025;Comissionado;Margem Consignável;553,42;553,42;100;0;0
67851;Maio de 2025;Comissionado;Margem Consignável;2108,01;2108,01;100;0;0
7561;Maio de 2025;Estatutario;Margem Consignável;606,5;1,1;0,18;0;99,82
6071;Maio de 2025;Estatutario;Margem Consignável;1143,05;295,35;25,84;0;74,16
53399;Maio de 2025;CONTRATO;Margem Consignável;514,2;514,2;100;0;0
4421;Maio de 2025;Estatutario;Margem Consignável;571,15;571,15;100;0;0
2811;Maio de 2025;Estatutario;Margem Consignável;639,68;144,64;22,61;0;77,39
1771;Maio de 2025;Estatutario;Margem Consignável;555,97;0,35;0,06;0;99,94
233291;Maio de 2025;Estagiario;Margem Consignável;175;175;100;0;0
7862;Maio de 2025;Comissionado;Margem Consignável;424,37;424,37;100;0;0
7921;Maio de 2025;Estatutario;Margem Consignável;1359,42;181,99;13,39;0;86,61
619011;Maio de 2025;Comissionado;Margem Consignável;491,45;491,45;100;0;0
9761;Maio de 2025;Estatutario;Margem Consignável;2099,54;1528,33;72,79;0;27,21
107317;Maio de 2025;Comissionado;Margem Consignável;491,45;491,45;100;0;0
9591;Maio de 2025;Estatutario;Margem Consignável;510,27;87,7;17,19;0;82,81
13582;Maio de 2025;CONTRATO;Margem Consignável;514,2;514,2;100;0;0
4851;Maio de 2025;Estatutario;Margem Consignável;641,15;94,83;14,79;0;85,21
6321;Maio de 2025;Estatutario;Margem Consignável;1141,14;1141,14;100;0;0
118276;Maio de 2025;Comissionado;Margem Consignável;599,71;599,71;100;0;0
53555;Maio de 2025;Comissionado;Margem Consignável;491,45;491,45;100;0;0
5281;Maio de 2025;Estatutario;Margem Consignável;2259,22;2259,22;100;0;0
9341;Maio de 2025;Estatutario;Margem Consignável;492,25;113,46;23,05;0;76,95
1961;Maio de 2025;Estatutario;Margem Consignável;1359,42;1359,42;100;0;0
6291;Maio de 2025;Estatutario;Margem Consignável;1151,1;965,73;83,9;0;16,1
2081;Maio de 2025;Estatutario;Margem Consignável;571,15;0,09;0,02;0;99,98
3831;Maio de 2025;Estatutario;Margem Consignável;555,97;1,09;0,2;0;99,8
6481;Maio de 2025;Estatutario;Margem Consignável;1141,14;1141,14;100;0;0
1641;Maio de 2025;Estatutario;Margem Consignável;2494,82;1477,79;59,23;0;40,77
1781;Maio de 2025;Estatutario;Margem Consignável;443,13;443,13;100;0;0
6361;Maio de 2025;Estatutario;Margem Consignável;1182,13;1182,13;100;0;0
6431;Maio de 2025;Estatutario;Margem Consignável;1141,14;1141,14;100;0;0
198441;Maio de 2025;Estatutario;Margem Consignável;1282,12;1282,12;100;0;0
3841;Maio de 2025;Estatutario;Margem Consignável;555,97;43,09;7,75;0;92,25
6441;Maio de 2025;Estatutario;Margem Consignável;1141,14;0,72;0,06;0;99,94
5181;Maio de 2025;Estatutario;Margem Consignável;691,63;79,64;11,51;0;88,49
228881;Maio de 2025;Comissionado;Margem Consignável;530,67;530,67;100;0;0
7111;Maio de 2025;Estatutario;Margem Consignável;2197,83;2197,83;100;0;0
102946;Maio de 2025;Comissionado;Margem Consignável;530,67;530,67;100;0;0
235151;Maio de 2025;CONTRATO;Margem Consignável;491,45;491,45;100;0;0
224201;Maio de 2025;Estatutario;Margem Consignável;1068,49;1068,49;100;0;0
201331;Maio de 2025;Estatutario;Margem Consignável;1334,63;1334,63;100;0;0
6531;Maio de 2025;Estatutario;Margem Consignável;1141,14;24,5;2,15;0;97,85
5513;Maio de 2025;Comissionado;Margem Consignável;626,5;626,5;100;0;0
556811;Maio de 2025;Comissionado;Margem Consignável;491,45;491,45;100;0;0
4311;Maio de 2025;Estatutario;Margem Consignável;555,97;555,97;100;0;0
9571;Maio de 2025;Estatutario;Margem Consignável;525,45;525,45;100;0;0
11841;Maio de 2025;Estatutario;Margem Consignável;2030,84;2030,84;100;0;0
2701;Maio de 2025;Estatutario;Margem Consignável;2242,18;2242,18;100;0;0
222501;Maio de 2025;Estatutario;Margem Consignável;1282,12;1282,12;100;0;0
7471;Maio de 2025;Estatutario;Margem Consignável;548,3;548,3;100;0;0
4221;Maio de 2025;Estatutario;Margem Consignável;555,97;555,97;100;0;0
192402;Maio de 2025;Estagiario;Margem Consignável;175;175;100;0;0
7371;Maio de 2025;Estatutario;Margem Consignável;2154,18;168,82;7,84;0;92,16
112077;Maio de 2025;Comissionado;Margem Consignável;530,67;530,67;100;0;0
11522;Maio de 2025;Comissionado;Margem Consignável;491,45;491,45;100;0;0
5841;Maio de 2025;Estatutario;Margem Consignável;2458,57;41,6;1,69;0;98,31
7591;Maio de 2025;Estatutario;Margem Consignável;2242,18;2242,18;100;0;0
206481;Maio de 2025;Estatutario;Margem Consignável;1282,12;229,65;17,91;0;82,09
211;Maio de 2025;Estatutario;Margem Consignável;571,15;50,33;8,81;0;91,19
7391;Maio de 2025;Estatutario;Margem Consignável;2260,43;172,55;7,63;0;92,37
222841;Maio de 2025;Estatutario;Margem Consignável;1244,61;1244,61;100;0;0
196581;Maio de 2025;Estatutario;Margem Consignável;1244,61;1244,61;100;0;0
9711;Maio de 2025;Estatutario;Margem Consignável;2319,45;2319,45;100;0;0
6411;Maio de 2025;Estatutario;Margem Consignável;1192,09;1192,09;100;0;0
9041;Maio de 2025;Estatutario;Margem Consignável;1900,48;62,47;3,29;0;96,71
6281;Maio de 2025;Estatutario;Margem Consignável;1141,14;1141,14;100;0;0
6171;Maio de 2025;Estatutario;Margem Consignável;1141,14;949,21;83,18;0;16,82
212021;Maio de 2025;Estatutario;Margem Consignável;1244,61;157,7;12,67;0;87,33
8971;Maio de 2025;Estatutario;Margem Consignável;2371,53;2371,53;100;0;0
221951;Maio de 2025;Estatutario;Margem Consignável;1282,12;1282,12;100;0;0
7291;Maio de 2025;Estatutario;Margem Consignável;1151,1;1151,1;100;0;0
203461;Maio de 2025;Estatutario;Margem Consignável;1282,12;620,26;48,38;0;51,62
143034;Maio de 2025;Comissionado;Margem Consignável;491,45;491,45;100;0;0
48554;Maio de 2025;Estatutario;Margem Consignável;1273,13;302,28;23,74;0;76,26
184653;Maio de 2025;Comissionado;Margem Consignável;491,45;491,45;100;0;0
232801;Maio de 2025;Estatutario;Margem Consignável;766,1;23,1;3,02;0;96,98
29332;Maio de 2025;Comissionado;Margem Consignável;626,5;626,5;100;0;0
47902;Maio de 2025;Comissionado;Margem Consignável;553,42;553,42;100;0;0
4411;Maio de 2025;Estatutario;Margem Consignável;571,15;41,04;7,19;0;92,81
106265;Maio de 2025;CONTRATO;Margem Consignável;491,45;491,45;100;0;0
211301;Maio de 2025;Estatutario;Margem Consignável;1282,12;1282,12;100;0;0
230271;Maio de 2025;Comissionado;Margem Consignável;491,45;491,45;100;0;0
199171;Maio de 2025;Estatutario;Margem Consignável;1244,61;1244,61;100;0;0
11881;Maio de 2025;Estatutario;Margem Consignável;2162,29;2162,29;100;0;0
8981;Maio de 2025;Estatutario;Margem Consignável;2198,78;2198,78;100;0;0
231321;Maio de 2025;Comissionado;Margem Consignável;491,45;491,45;100;0;0
195341;Maio de 2025;Comissionado;Margem Consignável;553,42;553,42;100;0;0
8941;Maio de 2025;Estatutario;Margem Consignável;2117,78;2117,78;100;0;0
4831;Maio de 2025;Estatutario;Margem Consignável;2505,94;9,24;0,37;0;99,63
6651;Maio de 2025;Estatutario;Margem Consignável;1161,05;70,99;6,11;0;93,89
5221;Maio de 2025;Estatutario;Margem Consignável;580,73;231,72;39,9;0;60,1
33953;Maio de 2025;Comissionado;Margem Consignável;738,03;738,03;100;0;0
234691;Maio de 2025;Comissionado;Margem Consignável;530,67;530,67;100;0;0
4241;Maio de 2025;Estatutario;Margem Consignável;682,35;217,11;31,82;0;68,18
7821;Maio de 2025;Estatutario;Margem Consignável;555,87;91,48;16,46;0;83,54
5591;Maio de 2025;Estatutario;Margem Consignável;2476,57;1254,14;50,64;0;49,36
205911;Maio de 2025;Estatutario;Margem Consignável;1295,24;1295,24;100;0;0
194291;Maio de 2025;Estatutario;Margem Consignável;1068,49;1068,49;100;0;0
11662;Maio de 2025;Requisitado;Margem Consignável;866,13;866,13;100;0;0
2541;Maio de 2025;Estatutario;Margem Consignável;533,12;311,18;58,37;0;41,63
153502;Maio de 2025;Comissionado;Margem Consignável;844,29;844,29;100;0;0
108804;Maio de 2025;Comissionado;Margem Consignável;2064,07;2064,07;100;0;0
2401;Maio de 2025;Estatutario;Margem Consignável;647,35;319,14;49,3;0;50,7
1971;Maio de 2025;Estatutario;Margem Consignável;1137,52;599,9;52,74;0;47,26
194611;Maio de 2025;Estatutario;Margem Consignável;1277,64;43,47;3,4;0;96,6
147702;Maio de 2025;Comissionado;Margem Consignável;514,2;514,2;100;0;0
222171;Maio de 2025;Estatutario;Margem Consignável;1244,61;4,7;0,38;0;99,62
86304;Maio de 2025;Comissionado;Margem Consignável;844,29;844,29;100;0;0
178331;Maio de 2025;Estatutario;Margem Consignável;1323,39;1323,39;100;0;0
23992;Maio de 2025;Comissionado;Margem Consignável;844,29;844,29;100;0;0
106937;Maio de 2025;Comissionado;Margem Consignável;491,45;491,45;100;0;0
195851;Maio de 2025;Estatutario;Margem Consignável;1282,12;1282,12;100;0;0
59595;Maio de 2025;Estatutario;Margem Consignável;1295,24;517,95;39,99;0;60,01
184221;Maio de 2025;Estatutario;Margem Consignável;0;-128,86;0;0;0
18623;Maio de 2025;Comissionado;Margem Consignável;553,42;553,42;100;0;0
101203;Maio de 2025;Comissionado;Margem Consignável;553,42;553,42;100;0;0
145593;Maio de 2025;Comissionado;Margem Consignável;530,67;530,67;100;0;0
202221;Maio de 2025;Estatutario;Margem Consignável;1282,12;230,75;18;0;82
201921;Maio de 2025;Estatutario;Margem Consignável;1282,12;1282,12;100;0;0
230001;Maio de 2025;Comissionado;Margem Consignável;844,29;844,29;100;0;0
194451;Maio de 2025;Estatutario;Margem Consignável;0;0;0;0;0
191001;Maio de 2025;Estatutario;Margem Consignável;1295,24;1295,24;100;0;0
7201;Maio de 2025;Estatutario;Margem Consignável;708,12;37,79;5,34;0;94,66
172643;Maio de 2025;Comissionado;Margem Consignável;844,29;844,29;100;0;0
26071;Maio de 2025;Comissionado;Margem Consignável;1330,94;1330,94;100;0;0
59085;Maio de 2025;Comissionado;Margem Consignável;811,84;811,84;100;0;0
13262;Maio de 2025;Comissionado;Margem Consignável;844,29;844,29;100;0;0
201091;Maio de 2025;Estatutario;Margem Consignável;1282,12;874,69;68,22;0;31,78
169182;Maio de 2025;Comissionado;Margem Consignável;1036,22;1036,22;100;0;0
229691;Maio de 2025;Comissionado;Margem Consignável;530,67;530,67;100;0;0
178411;Maio de 2025;Estatutario;Margem Consignável;1295,24;513,52;39,65;0;60,35
152294;Maio de 2025;Comissionado;Margem Consignável;553,42;553,42;100;0;0
108393;Maio de 2025;Comissionado;Margem Consignável;844,29;844,29;100;0;0
8521;Maio de 2025;Estatutario;Margem Consignável;1023,19;0;0;0;100
115098;Maio de 2025;Comissionado;Margem Consignável;491,45;491,45;100;0;0
142222;Maio de 2025;Comissionado;Margem Consignável;491,45;491,45;100;0;0
170001;Maio de 2025;Comissionado;Margem Consignável;491,45;491,45;100;0;0
105377;Maio de 2025;Comissionado;Margem Consignável;491,45;491,45;100;0;0
11771;Maio de 2025;Estatutario;Margem Consignável;2367,43;2367,43;100;0;0
80101;Maio de 2025;Comissionado;Margem Consignável;530,67;530,67;100;0;0
167561;Maio de 2025;Comissionado;Margem Consignável;530,67;530,67;100;0;0
6301;Maio de 2025;Estatutario;Margem Consignável;1141,14;99,48;8,72;0;91,28
77652;Maio de 2025;Comissionado;Margem Consignável;530,67;530,67;100;0;0
213181;Maio de 2025;Estatutario;Margem Consignável;1310,17;1310,17;100;0;0
153693;Maio de 2025;Comissionado;Margem Consignável;514,2;514,2;100;0;0
19503;Maio de 2025;Comissionado;Margem Consignável;554,19;554,19;100;0;0
6921;Maio de 2025;Estatutario;Margem Consignável;2317,08;229,18;9,89;0;90,11
11413;Maio de 2025;Estatutario;Margem Consignável;1083,61;82,81;7,64;0;92,36
22753;Maio de 2025;Comissionado;Margem Consignável;491,45;491,45;100;0;0
232641;Maio de 2025;Estatutario;Margem Consignável;766,1;289,5;37,79;0;62,21
163223;Maio de 2025;Comissionado;Margem Consignável;491,45;491,45;100;0;0
219892;Maio de 2025;Estagiario;Margem Consignável;175;175;100;0;0
223061;Maio de 2025;Estatutario;Margem Consignável;1282,12;1282,12;100;0;0
196311;Maio de 2025;Estatutario;Margem Consignável;1305,2;325,91;24,97;0;75,03
11761;Maio de 2025;Estatutario;Margem Consignável;2099,54;2099,54;100;0;0
54012;Maio de 2025;Comissionado;Margem Consignável;491,45;491,45;100;0;0
213691;Maio de 2025;Estatutario;Margem Consignável;1295,24;1295,24;100;0;0
13829;Maio de 2025;Comissionado;Margem Consignável;536,95;536,95;100;0;0
6821;Maio de 2025;Estatutario;Margem Consignável;2242,18;1013,17;45,19;0;54,81
13691;Maio de 2025;Comissionado;Margem Consignável;530,67;530,67;100;0;0
74391;Maio de 2025;Estatutario;Margem Consignável;456,92;0,22;0,05;0;99,95
7741;Maio de 2025;Estatutario;Margem Consignável;591,39;591,39;100;0;0
203201;Maio de 2025;Estatutario;Margem Consignável;1362,78;285,96;20,98;0;79,02
13351;Maio de 2025;Comissionado;Margem Consignável;530,67;530,67;100;0;0
193211;Maio de 2025;Estatutario;Margem Consignável;1305,2;1305,2;100;0;0
62545;Maio de 2025;Comissionado;Margem Consignável;554,19;554,19;100;0;0
70727;Maio de 2025;Comissionado;Margem Consignável;382,13;382,13;100;0;0
187672;Maio de 2025;Comissionado;Margem Consignável;530,67;530,67;100;0;0
12746;Maio de 2025;Comissionado;Margem Consignável;873,91;873,91;100;0;0
159463;Maio de 2025;Comissionado;Margem Consignável;492,76;492,76;100;0;0
224461;Maio de 2025;Estatutario;Margem Consignável;1230,44;1230,44;100;0;0
200281;Maio de 2025;Estatutario;Margem Consignável;1244,61;44,56;3,58;0;96,42
8861;Maio de 2025;Estatutario;Margem Consignável;2117,78;2117,78;100;0;0
203111;Maio de 2025;Estatutario;Margem Consignável;1282,12;0,23;0,02;0;99,98
18803;Maio de 2025;Comissionado;Margem Consignável;450,06;450,06;100;0;0
224111;Maio de 2025;Estatutario;Margem Consignável;1295,24;1295,24;100;0;0
45701;Maio de 2025;Comissionado;Margem Consignável;1036,22;1036,22;100;0;0
9231;Maio de 2025;Estatutario;Margem Consignável;499,45;499,45;100;0;0
206641;Maio de 2025;Estatutario;Margem Consignável;1244,61;541,6;43,52;0;56,48
7631;Maio de 2025;Estatutario;Margem Consignável;2242,43;1524,48;67,98;0;32,02
7651;Maio de 2025;Estatutario;Margem Consignável;2590,3;2590,3;100;0;0
3681;Maio de 2025;Estatutario;Margem Consignável;647,35;647,35;100;0;0
8901;Maio de 2025;Estatutario;Margem Consignável;2040,12;1630,39;79,92;0;20,08
17542;Maio de 2025;Comissionado;Margem Consignável;530,67;530,67;100;0;0
195422;Maio de 2025;Comissionado;Margem Consignável;491,45;491,45;100;0;0
8794;Maio de 2025;Estatutario;Margem Consignável;1127,73;227,8;20,2;0;79,8
5392;Maio de 2025;Comissionado;Margem Consignável;699,13;699,13;100;0;0
6151;Maio de 2025;Estatutario;Margem Consignável;1141,14;444,74;38,97;0;61,03
57031;Maio de 2025;Comissionado;Margem Consignável;873,91;873,91;100;0;0
9241;Maio de 2025;Estatutario;Margem Consignável;476,27;476,27;100;0;0
6701;Maio de 2025;Estatutario;Margem Consignável;2313,39;72,78;3,15;0;96,85
3871;Maio de 2025;Estatutario;Margem Consignável;921,15;375,15;40,73;0;59,27
2211;Maio de 2025;Estatutario;Margem Consignável;662,53;0,71;0,11;0;99,89
3661;Maio de 2025;Estatutario;Margem Consignável;746,15;746,15;100;0;0
166833;Maio de 2025;Comissionado;Margem Consignável;844,29;844,29;100;0;0
199921;Maio de 2025;Estatutario;Margem Consignável;1305,2;371,31;28,45;0;71,55
23302;Maio de 2025;Comissionado;Margem Consignável;2064,07;2064,07;100;0;0
9691;Maio de 2025;Estatutario;Margem Consignável;0;-734,16;0;0;0
9131;Maio de 2025;Estatutario;Margem Consignável;2099,54;840,59;40,04;0;59,96
176041;Maio de 2025;Comissionado;Margem Consignável;491,45;491,45;100;0;0
45883;Maio de 2025;Comissionado;Margem Consignável;873,91;873,91;100;0;0
3761;Maio de 2025;Estatutario;Margem Consignável;555,97;325,26;58,5;0;41,5
5291;Maio de 2025;Estatutario;Margem Consignável;2476,57;1669,27;67,4;0;32,6
5292;Maio de 2025;Estatutario;Margem Consignável;1872,76;1872,76;100;0;0
6981;Maio de 2025;Estatutario;Margem Consignável;2635,49;970,03;36,81;0;63,19
9391;Maio de 2025;Estatutario;Margem Consignável;2117,78;627,55;29,63;0;70,37
9001;Maio de 2025;Estatutario;Margem Consignável;2353,29;2353,29;100;0;0
23481;Maio de 2025;Comissionado;Margem Consignável;1036,22;1036,22;100;0;0
180741;Maio de 2025;Estatutario;Margem Consignável;1282,12;645,82;50,37;0;49,63
72779;Maio de 2025;Comissionado;Margem Consignável;491,45;491,45;100;0;0
24963;Maio de 2025;Comissionado;Margem Consignável;530,67;530,67;100;0;0
102432;Maio de 2025;Comissionado;Margem Consignável;844,29;844,29;100;0;0
95715;Maio de 2025;Comissionado;Margem Consignável;536,95;536,95;100;0;0
7731;Maio de 2025;Estatutario;Margem Consignável;548,3;548,3;100;0;0
197711;Maio de 2025;Estatutario;Margem Consignável;1230,44;1230,44;100;0;0
198521;Maio de 2025;Estatutario;Margem Consignável;1282,12;1282,12;100;0;0
28954;Maio de 2025;Estatutario;Margem Consignável;1200,72;246,62;20,54;0;79,46
189021;Maio de 2025;Estatutario;Margem Consignável;844,51;68,76;8,14;0;91,86
123782;Maio de 2025;Comissionado;Margem Consignável;844,29;844,29;100;0;0
115252;Maio de 2025;Comissionado;Margem Consignável;641,69;641,69;100;0;0
79863;Maio de 2025;Comissionado;Margem Consignável;844,29;844,29;100;0;0
193721;Maio de 2025;Estatutario;Margem Consignável;571,05;571,05;100;0;0
232481;Maio de 2025;Estatutario;Margem Consignável;766,1;0,17;0,02;0;99,98
197551;Maio de 2025;Estatutario;Margem Consignável;1282,12;8,67;0,68;0;99,32
4231;Maio de 2025;Estatutario;Margem Consignável;555,97;555,97;100;0;0
4691;Maio de 2025;Estatutario;Margem Consignável;676,15;676,15;100;0;0
7041;Maio de 2025;Estatutario;Margem Consignável;2260,43;200,11;8,85;0;91,15
24021;Maio de 2025;Comissionado;Margem Consignável;2064,07;2064,07;100;0;0
3861;Maio de 2025;Estatutario;Margem Consignável;571,15;103,75;18,17;0;81,83
5001;Maio de 2025;Estatutario;Margem Consignável;921,15;1,22;0,13;0;99,87
7811;Maio de 2025;Estatutario;Margem Consignável;537,87;157,49;29,28;0;70,72
231671;Maio de 2025;Estagiario;Margem Consignável;175;175;100;0;0
3921;Maio de 2025;Estatutario;Margem Consignável;662,53;662,53;100;0;0
8511;Maio de 2025;Estatutario;Margem Consignável;848,19;848,19;100;0;0
180311;Maio de 2025;Estatutario;Margem Consignável;1244,61;1244,61;100;0;0
204781;Maio de 2025;Estatutario;Margem Consignável;1282,12;1282,12;100;0;0
9511;Maio de 2025;Estatutario;Margem Consignável;0;0;0;0;0
230781;Maio de 2025;Estagiario;Margem Consignável;175;175;100;0;0
171402;Maio de 2025;Comissionado;Margem Consignável;491,45;491,45;100;0;0
13952;Maio de 2025;Comissionado;Margem Consignável;491,45;491,45;100;0;0
8421;Maio de 2025;Estatutario;Margem Consignável;525,45;286,07;54,44;0;45,56
195001;Maio de 2025;Estatutario;Margem Consignável;1075,57;1075,57;100;0;0
210591;Maio de 2025;Estatutario;Margem Consignável;1334,63;1334,63;100;0;0
194961;Maio de 2025;Estatutario;Margem Consignável;1068,49;607,68;56,87;0;43,13
137491;Maio de 2025;Comissionado;Margem Consignável;530,67;530,67;100;0;0
9722;Maio de 2025;Comissionado;Margem Consignável;1572,63;1572,63;100;0;0
7271;Maio de 2025;Estatutario;Margem Consignável;2242,18;2242,18;100;0;0
8871;Maio de 2025;Estatutario;Margem Consignável;2607,04;144,66;5,55;0;94,45
9331;Maio de 2025;Estatutario;Margem Consignável;0;0;0;0;0
202061;Maio de 2025;Estatutario;Margem Consignável;1334,63;1334,63;100;0;0
218651;Maio de 2025;Comissionado;Margem Consignável;530,67;530,67;100;0;0
7611;Maio de 2025;Estatutario;Margem Consignável;1533,26;1533,26;100;0;0
139514;Maio de 2025;Estatutario;Margem Consignável;571,05;56,34;9,87;0;90,13
90833;Maio de 2025;Comissionado;Margem Consignável;844,29;844,29;100;0;0
3891;Maio de 2025;Estatutario;Margem Consignável;520,81;520,81;100;0;0
7231;Maio de 2025;Estatutario;Margem Consignável;299,53;72,6;24,24;0;75,76
3161;Maio de 2025;Estatutario;Margem Consignável;1604,35;1604,35;100;0;0
216441;Maio de 2025;Comissionado;Margem Consignável;530,67;530,67;100;0;0
203381;Maio de 2025;Estatutario;Margem Consignável;1282,12;1282,12;100;0;0
221871;Maio de 2025;Estatutario;Margem Consignável;1088,59;14,82;1,36;0;98,64
27552;Maio de 2025;Comissionado;Margem Consignável;844,29;844,29;100;0;0
194701;Maio de 2025;Estatutario;Margem Consignável;1257,73;129,76;10,32;0;89,68
200011;Maio de 2025;Estatutario;Margem Consignável;1295,24;1295,24;100;0;0
177103;Maio de 2025;Comissionado;Margem Consignável;844,29;844,29;100;0;0
198601;Maio de 2025;Estatutario;Margem Consignável;1295,24;54,25;4,19;0;95,81
2441;Maio de 2025;Estatutario;Margem Consignável;0;-343,5;0;0;0
107401;Maio de 2025;Comissionado;Margem Consignável;1036,22;1036,22;100;0;0
201411;Maio de 2025;Estatutario;Margem Consignável;1295,24;147;11,35;0;88,65
223731;Maio de 2025;Estatutario;Margem Consignável;1325,1;969,83;73,19;0;26,81
6841;Maio de 2025;Estatutario;Margem Consignável;857,12;38,12;4,45;0;95,55
4631;Maio de 2025;Estatutario;Margem Consignável;555,97;555,97;100;0;0
